priority_bucket,priority_score,table,domain,status,status_confidence,status_reason,migration_action,reference_count,source_files,indirect_coverage_hints,priority_reasons
P0,89,spine_connector_runs,connectors,active_candidate,0.75,declared under src/socmint,candidate_for_explicit_alembic_migration_after_column_review,20,scripts/write_spine_files.py;src/socmint/database.py,[],active candidate;core domain: connectors;known v6/v7/v12 family prefix;declared/referenced in multiple files
P0,89,spine_dossier_assertions,dossier,active_candidate,0.75,declared under src/socmint,candidate_for_explicit_alembic_migration_after_column_review,9,scripts/write_spine_files.py;src/socmint/database.py,[],active candidate;core domain: dossier;known v6/v7/v12 family prefix;declared/referenced in multiple files
P0,89,spine_raw_artifacts,evidence,active_candidate,0.75,declared under src/socmint,candidate_for_explicit_alembic_migration_after_column_review,5,scripts/write_spine_files.py;src/socmint/database.py,[],active candidate;core domain: evidence;known v6/v7/v12 family prefix;declared/referenced in multiple files
P0,89,spine_observations,identity,active_candidate,0.75,declared under src/socmint,candidate_for_explicit_alembic_migration_after_column_review,29,scripts/write_spine_files.py;src/socmint/database.py,[],active candidate;core domain: identity;known v6/v7/v12 family prefix;declared/referenced in multiple files
P0,89,spine_seeds,identity,active_candidate,0.75,declared under src/socmint,candidate_for_explicit_alembic_migration_after_column_review,21,scripts/write_spine_files.py;src/socmint/database.py,[],active candidate;core domain: identity;known v6/v7/v12 family prefix;declared/referenced in multiple files
P0,89,spine_subjects,identity,active_candidate,0.75,declared under src/socmint,candidate_for_explicit_alembic_migration_after_column_review,38,scripts/write_spine_files.py;src/socmint/database.py,[],active candidate;core domain: identity;known v6/v7/v12 family prefix;declared/referenced in multiple files
P0,89,spine_validation_events,identity,active_candidate,0.75,declared under src/socmint,candidate_for_explicit_alembic_migration_after_column_review,3,scripts/write_spine_files.py;src/socmint/database.py,[],active candidate;core domain: identity;known v6/v7/v12 family prefix;declared/referenced in multiple files
P0,85,retention_runs,connectors,active_candidate,0.75,declared under src/socmint,candidate_for_explicit_alembic_migration_after_column_review,3,src/socmint/database.py,[],active candidate;core domain: connectors;known v6/v7/v12 family prefix
P0,85,workbench_jobs,connectors,active_candidate,0.75,declared under src/socmint,candidate_for_explicit_alembic_migration_after_column_review,23,src/socmint/database.py,[],active candidate;core domain: connectors;known v6/v7/v12 family prefix
P0,85,identity_columns,identity,active_candidate,0.55,path/name contains active domain hint,candidate_for_explicit_alembic_migration_after_column_review,26,var/venvs/v12_10_17/lib/python3.13/site-packages/sqlalchemy/dialects/mssql/information_schema.py,[],active candidate;core domain: identity;known v6/v7/v12 family prefix
P0,85,identity_edges,identity,active_candidate,0.75,declared under src/socmint,candidate_for_explicit_alembic_migration_after_column_review,5,src/socmint/database.py,[],active candidate;core domain: identity;known v6/v7/v12 family prefix
P0,85,identity_graphs,identity,active_candidate,0.75,declared under src/socmint,candidate_for_explicit_alembic_migration_after_column_review,6,src/socmint/database.py,[],active candidate;core domain: identity;known v6/v7/v12 family prefix
P0,85,identity_merge_candidates,identity,active_candidate,0.75,declared under src/socmint,candidate_for_explicit_alembic_migration_after_column_review,4,src/socmint/database.py,[],active candidate;core domain: identity;known v6/v7/v12 family prefix
P0,85,identity_nodes,identity,active_candidate,0.75,declared under src/socmint,candidate_for_explicit_alembic_migration_after_column_review,7,src/socmint/database.py,[],active candidate;core domain: identity;known v6/v7/v12 family prefix
P0,85,spine_contradictions,identity,active_candidate,0.75,declared under src/socmint,candidate_for_explicit_alembic_migration_after_column_review,13,src/socmint/database.py,[],active candidate;core domain: identity;known v6/v7/v12 family prefix
P0,85,policy_gate_events,policy,active_candidate,0.75,declared under src/socmint,candidate_for_explicit_alembic_migration_after_column_review,8,src/socmint/database.py,[],active candidate;core domain: policy;known v6/v7/v12 family prefix
P1,70,connector_runs,connectors,active_candidate,0.75,declared under src/socmint,candidate_for_explicit_alembic_migration_after_column_review,53,src/socmint/database.py,[],active candidate;core domain: connectors
P1,70,all_tab_identity_cols,identity,active_candidate,0.55,path/name contains active domain hint,candidate_for_explicit_alembic_migration_after_column_review,3,var/venvs/v12_10_17/lib/python3.13/site-packages/sqlalchemy/dialects/oracle/dictionary.py,[],active candidate;core domain: identity
P1,65,media_profile_enrichments,connectors,active_candidate,0.75,declared under src/socmint,human_review_for_rename_or_indirect_coverage,5,src/socmint/database.py,"[{""migration_table"": ""profiles"", ""reason"": ""normalized substring/pluralization similarity"", ""strength"": ""medium""}, {""migration_table"": ""media"", ""reason"": ""normalized substring/pluralization similarity"", ""strength"": ""medium""}]",active candidate;core domain: connectors;possible indirect/rename coverage
P1,60,employee,uncategorized,active_candidate,0.55,path/name contains active domain hint,candidate_for_explicit_alembic_migration_after_column_review,87,var/venvs/v12_10_17/lib/python3.13/site-packages/sqlalchemy/ext/automap.py;var/venvs/v12_10_17/lib/python3.13/site-packages/sqlalchemy/ext/declarative/extensions.py;var/venvs/v12_10_17/lib/python3.13/site-packages/sqlalchemy/orm/decl_api.py;var/venvs/v12_10_17/lib/python3.13/site-packages/sqlalchemy/orm/mapper.py,[],active candidate;declared/referenced in multiple files
P2,50,my_table,timeline,unknown_review,0.35,no clear active/legacy/test signal,review_before_migration,130,var/venvs/v12_10_17/lib/python3.13/site-packages/sqlalchemy/dialects/mssql/base.py;var/venvs/v12_10_17/lib/python3.13/site-packages/sqlalchemy/dialects/oracle/base.py;var/venvs/v12_10_17/lib/python3.13/site-packages/sqlalchemy/dialects/sqlite/base.py;var/venvs/v12_10_17/lib/python3.13/site-packages/sqlalchemy/orm/_orm_constructors.py;var/venvs/v12_10_17/lib/python3.13/site-packages/sqlalchemy/orm/decl_api.py;var/venvs/v12_10_17/lib/python3.13/site-packages/sqlalchemy/sql/events.py;var/venvs/v12_10_17/lib/python3.13/site-packages/sqlalchemy/sql/sqltypes.py,[],unknown requires review;operational domain: timeline;declared/referenced in multiple files
P2,50,findings,uncategorized,active_candidate,0.75,declared under src/socmint,review_before_migration,438,src/socmint/database.py,[],active candidate
P2,45,all_users,auth,active_candidate,0.55,path/name contains active domain hint,human_review_for_rename_or_indirect_coverage,7,var/venvs/v12_10_17/lib/python3.13/site-packages/sqlalchemy/dialects/oracle/dictionary.py,"[{""migration_table"": ""users"", ""reason"": ""normalized substring/pluralization similarity"", ""strength"": ""medium""}]",active candidate;possible indirect/rename coverage
P2,45,user_order,auth,active_candidate,0.55,path/name contains active domain hint,human_review_for_rename_or_indirect_coverage,6,var/venvs/v12_10_17/lib/python3.13/site-packages/sqlalchemy/ext/automap.py,"[{""migration_table"": ""users"", ""reason"": ""normalized substring/pluralization similarity"", ""strength"": ""medium""}]",active candidate;possible indirect/rename coverage
P2,45,user_table,auth,active_candidate,0.55,path/name contains active domain hint,human_review_for_rename_or_indirect_coverage,34,var/venvs/v12_10_17/lib/python3.13/site-packages/sqlalchemy/sql/dml.py,"[{""migration_table"": ""users"", ""reason"": ""normalized substring/pluralization similarity"", ""strength"": ""medium""}]",active candidate;possible indirect/rename coverage
P2,45,all_db_links,graph,unknown_review,0.35,no clear active/legacy/test signal,review_before_migration,4,var/venvs/v12_10_17/lib/python3.13/site-packages/sqlalchemy/dialects/oracle/dictionary.py,[],unknown requires review;core domain: graph
P2,45,edge,graph,unknown_review,0.35,no clear active/legacy/test signal,review_before_migration,980,var/venvs/v12_10_17/lib/python3.13/site-packages/sqlalchemy/sql/selectable.py,[],unknown requires review;core domain: graph
P2,45,relationships,graph,unknown_review,0.35,no clear active/legacy/test signal,review_before_migration,191,var/venvs/v12_10_17/lib/python3.13/site-packages/sqlalchemy/orm/decl_api.py,[],unknown requires review;core domain: graph
P2,35,event,timeline,unknown_review,0.35,no clear active/legacy/test signal,human_review_for_rename_or_indirect_coverage,7932,var/venvs/v12_10_17/lib/python3.13/site-packages/sqlalchemy/ext/compiler.py,"[{""migration_table"": ""usage_events"", ""reason"": ""normalized substring/pluralization similarity"", ""strength"": ""medium""}, {""migration_table"": ""evidence_hash_events"", ""reason"": ""normalized substring/pluralization similarity"", ""strength"": ""medium""}, {""migration_table"": ""continuous_monitoring_events"", ""reason"": ""normalized substring/pluralization similarity"", ""strength"": ""medium""}, {""migration_table"": ""case_events"", ""reason"": ""normalized substring/pluralization similarity"", ""strength"": ""medium""}, {""migration_table"": ""billing_events"", ""reason"": ""normalized substring/pluralization similarity"", ""strength"": ""medium""}]",unknown requires review;operational domain: timeline;possible indirect/rename coverage
P2,35,sometable,uncategorized,unknown_review,0.35,no clear active/legacy/test signal,review_before_migration,41,var/venvs/v12_10_17/lib/python3.13/site-packages/sqlalchemy/dialects/postgresql/base.py;var/venvs/v12_10_17/lib/python3.13/site-packages/sqlalchemy/dialects/postgresql/named_types.py;var/venvs/v12_10_17/lib/python3.13/site-packages/sqlalchemy/dialects/sqlite/base.py;var/venvs/v12_10_17/lib/python3.13/site-packages/sqlalchemy/sql/base.py;var/venvs/v12_10_17/lib/python3.13/site-packages/sqlalchemy/sql/schema.py;var/venvs/v12_10_17/lib/python3.13/site-packages/sqlalchemy/sql/util.py,[],unknown requires review;declared/referenced in multiple files
P3,33,my_data,uncategorized,unknown_review,0.35,no clear active/legacy/test signal,review_before_migration,9,var/venvs/v12_10_17/lib/python3.13/site-packages/sqlalchemy/ext/mutable.py,[],unknown requires review;declared/referenced in multiple files
P3,33,person,uncategorized,unknown_review,0.35,no clear active/legacy/test signal,review_before_migration,376,var/venvs/v12_10_17/lib/python3.13/site-packages/sqlalchemy/ext/indexable.py,[],unknown requires review;declared/referenced in multiple files
P3,31,manager,uncategorized,unknown_review,0.35,no clear active/legacy/test signal,review_before_migration,1696,var/venvs/v12_10_17/lib/python3.13/site-packages/sqlalchemy/ext/declarative/extensions.py,[],unknown requires review;declared/referenced in multiple files
P3,31,slide,uncategorized,unknown_review,0.35,no clear active/legacy/test signal,review_before_migration,77,var/venvs/v12_10_17/lib/python3.13/site-packages/sqlalchemy/ext/orderinglist.py,[],unknown requires review;declared/referenced in multiple files
P3,29,bat,uncategorized,unknown_review,0.35,no clear active/legacy/test signal,review_before_migration,1247,var/venvs/v12_10_17/lib/python3.13/site-packages/alembic/autogenerate/api.py,[],unknown requires review;declared/referenced in multiple files
P3,29,bullet,uncategorized,unknown_review,0.35,no clear active/legacy/test signal,review_before_migration,31,var/venvs/v12_10_17/lib/python3.13/site-packages/sqlalchemy/ext/orderinglist.py,[],unknown requires review;declared/referenced in multiple files
P3,29,data,uncategorized,unknown_review,0.35,no clear active/legacy/test signal,review_before_migration,33374,var/venvs/v12_10_17/lib/python3.13/site-packages/sqlalchemy/dialects/postgresql/base.py;var/venvs/v12_10_17/lib/python3.13/site-packages/sqlalchemy/sql/sqltypes.py,[],unknown requires review;declared/referenced in multiple files
P3,29,engineer,uncategorized,unknown_review,0.35,no clear active/legacy/test signal,review_before_migration,8,var/venvs/v12_10_17/lib/python3.13/site-packages/sqlalchemy/ext/automap.py,[],unknown requires review;declared/referenced in multiple files
P3,29,searchword,uncategorized,unknown_review,0.35,no clear active/legacy/test signal,review_before_migration,20,var/venvs/v12_10_17/lib/python3.13/site-packages/sqlalchemy/ext/hybrid.py,[],unknown requires review;declared/referenced in multiple files
P3,26,account,uncategorized,unknown_review,0.35,no clear active/legacy/test signal,human_review_for_rename_or_indirect_coverage,708,var/venvs/v12_10_17/lib/python3.13/site-packages/sqlalchemy/dialects/mssql/base.py;var/venvs/v12_10_17/lib/python3.13/site-packages/sqlalchemy/ext/hybrid.py,"[{""migration_table"": ""account_discoveries"", ""reason"": ""normalized substring/pluralization similarity"", ""strength"": ""medium""}]",unknown requires review;declared/referenced in multiple files;possible indirect/rename coverage
P3,25,pg_am,system,unknown_review,0.35,no clear active/legacy/test signal,review_before_migration,5,var/venvs/v12_10_17/lib/python3.13/site-packages/sqlalchemy/dialects/postgresql/pg_catalog.py,[],unknown requires review
P3,25,pg_attrdef,system,unknown_review,0.35,no clear active/legacy/test signal,review_before_migration,7,var/venvs/v12_10_17/lib/python3.13/site-packages/sqlalchemy/dialects/postgresql/pg_catalog.py,[],unknown requires review
P3,25,pg_attribute,system,unknown_review,0.35,no clear active/legacy/test signal,review_before_migration,41,var/venvs/v12_10_17/lib/python3.13/site-packages/sqlalchemy/dialects/postgresql/pg_catalog.py,[],unknown requires review
P3,25,pg_class,system,unknown_review,0.35,no clear active/legacy/test signal,review_before_migration,87,var/venvs/v12_10_17/lib/python3.13/site-packages/sqlalchemy/dialects/postgresql/pg_catalog.py,[],unknown requires review
P3,25,pg_collation,system,unknown_review,0.35,no clear active/legacy/test signal,review_before_migration,7,var/venvs/v12_10_17/lib/python3.13/site-packages/sqlalchemy/dialects/postgresql/pg_catalog.py,[],unknown requires review
P3,25,pg_constraint,system,unknown_review,0.35,no clear active/legacy/test signal,review_before_migration,37,var/venvs/v12_10_17/lib/python3.13/site-packages/sqlalchemy/dialects/postgresql/pg_catalog.py,[],unknown requires review
P3,25,pg_description,system,unknown_review,0.35,no clear active/legacy/test signal,review_before_migration,20,var/venvs/v12_10_17/lib/python3.13/site-packages/sqlalchemy/dialects/postgresql/pg_catalog.py,[],unknown requires review
P3,25,pg_enum,system,unknown_review,0.35,no clear active/legacy/test signal,review_before_migration,7,var/venvs/v12_10_17/lib/python3.13/site-packages/sqlalchemy/dialects/postgresql/pg_catalog.py,[],unknown requires review
P3,25,pg_index,system,unknown_review,0.35,no clear active/legacy/test signal,review_before_migration,36,var/venvs/v12_10_17/lib/python3.13/site-packages/sqlalchemy/dialects/postgresql/pg_catalog.py,[],unknown requires review
P3,25,pg_namespace,system,unknown_review,0.35,no clear active/legacy/test signal,review_before_migration,32,var/venvs/v12_10_17/lib/python3.13/site-packages/sqlalchemy/dialects/postgresql/pg_catalog.py,[],unknown requires review
P3,25,pg_opclass,system,unknown_review,0.35,no clear active/legacy/test signal,review_before_migration,6,var/venvs/v12_10_17/lib/python3.13/site-packages/sqlalchemy/dialects/postgresql/pg_catalog.py,[],unknown requires review
P3,25,pg_sequence,system,unknown_review,0.35,no clear active/legacy/test signal,review_before_migration,10,var/venvs/v12_10_17/lib/python3.13/site-packages/sqlalchemy/dialects/postgresql/pg_catalog.py,[],unknown requires review
P3,25,pg_type,system,unknown_review,0.35,no clear active/legacy/test signal,review_before_migration,41,var/venvs/v12_10_17/lib/python3.13/site-packages/sqlalchemy/dialects/postgresql/pg_catalog.py,[],unknown requires review
P3,25,COLUMNS,uncategorized,unknown_review,0.35,no clear active/legacy/test signal,review_before_migration,27,var/venvs/v12_10_17/lib/python3.13/site-packages/sqlalchemy/dialects/mssql/information_schema.py,[],unknown requires review
P3,25,CONSTRAINT_COLUMN_USAGE,uncategorized,unknown_review,0.35,no clear active/legacy/test signal,review_before_migration,1,var/venvs/v12_10_17/lib/python3.13/site-packages/sqlalchemy/dialects/mssql/information_schema.py,[],unknown requires review
P3,25,KEY_COLUMN_USAGE,uncategorized,unknown_review,0.35,no clear active/legacy/test signal,review_before_migration,3,var/venvs/v12_10_17/lib/python3.13/site-packages/sqlalchemy/dialects/mssql/information_schema.py,[],unknown requires review
P3,25,MYTABLE,uncategorized,unknown_review,0.35,no clear active/legacy/test signal,review_before_migration,5,var/venvs/v12_10_17/lib/python3.13/site-packages/sqlalchemy/dialects/oracle/base.py,[],unknown requires review
P3,25,Markup,uncategorized,unknown_review,0.35,no clear active/legacy/test signal,review_before_migration,204,var/venvs/v12_10_17/lib/python3.13/site-packages/pip/_vendor/rich/markup.py,[],unknown requires review
P3,25,MyTable,uncategorized,unknown_review,0.35,no clear active/legacy/test signal,review_before_migration,4,var/venvs/v12_10_17/lib/python3.13/site-packages/sqlalchemy/dialects/oracle/base.py,[],unknown requires review
P3,25,Name,uncategorized,unknown_review,0.35,no clear active/legacy/test signal,review_before_migration,7948,var/venvs/v12_10_17/lib/python3.13/site-packages/pip/_vendor/rich/default_styles.py,[],unknown requires review
P3,25,REFERENTIAL_CONSTRAINTS,uncategorized,unknown_review,0.35,no clear active/legacy/test signal,review_before_migration,2,var/venvs/v12_10_17/lib/python3.13/site-packages/sqlalchemy/dialects/mssql/information_schema.py,[],unknown requires review
P3,25,SCHEMATA,uncategorized,unknown_review,0.35,no clear active/legacy/test signal,review_before_migration,1,var/venvs/v12_10_17/lib/python3.13/site-packages/sqlalchemy/dialects/mssql/information_schema.py,[],unknown requires review
P3,25,SEQUENCES,uncategorized,unknown_review,0.35,no clear active/legacy/test signal,review_before_migration,2,var/venvs/v12_10_17/lib/python3.13/site-packages/sqlalchemy/dialects/mssql/information_schema.py,[],unknown requires review
P3,25,TABLES,uncategorized,unknown_review,0.35,no clear active/legacy/test signal,review_before_migration,43,var/venvs/v12_10_17/lib/python3.13/site-packages/sqlalchemy/dialects/mssql/information_schema.py,[],unknown requires review
P3,25,TABLE_CONSTRAINTS,uncategorized,unknown_review,0.35,no clear active/legacy/test signal,review_before_migration,1,var/venvs/v12_10_17/lib/python3.13/site-packages/sqlalchemy/dialects/mssql/information_schema.py,[],unknown requires review
P3,25,VIEWS,uncategorized,unknown_review,0.35,no clear active/legacy/test signal,review_before_migration,3,var/venvs/v12_10_17/lib/python3.13/site-packages/sqlalchemy/dialects/mssql/information_schema.py,[],unknown requires review
P3,25,all_col_comments,uncategorized,unknown_review,0.35,no clear active/legacy/test signal,review_before_migration,4,var/venvs/v12_10_17/lib/python3.13/site-packages/sqlalchemy/dialects/oracle/dictionary.py,[],unknown requires review
P3,25,all_cons_columns,uncategorized,unknown_review,0.35,no clear active/legacy/test signal,review_before_migration,5,var/venvs/v12_10_17/lib/python3.13/site-packages/sqlalchemy/dialects/oracle/dictionary.py,[],unknown requires review
P3,25,all_constraints,uncategorized,unknown_review,0.35,no clear active/legacy/test signal,review_before_migration,16,var/venvs/v12_10_17/lib/python3.13/site-packages/sqlalchemy/dialects/oracle/dictionary.py,[],unknown requires review
P3,25,all_ind_columns,uncategorized,unknown_review,0.35,no clear active/legacy/test signal,review_before_migration,14,var/venvs/v12_10_17/lib/python3.13/site-packages/sqlalchemy/dialects/oracle/dictionary.py,[],unknown requires review
P3,25,all_ind_expressions,uncategorized,unknown_review,0.35,no clear active/legacy/test signal,review_before_migration,8,var/venvs/v12_10_17/lib/python3.13/site-packages/sqlalchemy/dialects/oracle/dictionary.py,[],unknown requires review
P3,25,all_indexes,uncategorized,unknown_review,0.35,no clear active/legacy/test signal,review_before_migration,11,var/venvs/v12_10_17/lib/python3.13/site-packages/sqlalchemy/dialects/oracle/dictionary.py,[],unknown requires review
P3,25,all_mview_comments,uncategorized,unknown_review,0.35,no clear active/legacy/test signal,review_before_migration,7,var/venvs/v12_10_17/lib/python3.13/site-packages/sqlalchemy/dialects/oracle/dictionary.py,[],unknown requires review
P3,25,all_mviews,uncategorized,unknown_review,0.35,no clear active/legacy/test signal,review_before_migration,9,var/venvs/v12_10_17/lib/python3.13/site-packages/sqlalchemy/dialects/oracle/dictionary.py,[],unknown requires review
P3,25,all_objects,uncategorized,unknown_review,0.35,no clear active/legacy/test signal,review_before_migration,62,var/venvs/v12_10_17/lib/python3.13/site-packages/sqlalchemy/dialects/oracle/dictionary.py,[],unknown requires review
P3,25,all_sequences,uncategorized,unknown_review,0.35,no clear active/legacy/test signal,review_before_migration,7,var/venvs/v12_10_17/lib/python3.13/site-packages/sqlalchemy/dialects/oracle/dictionary.py,[],unknown requires review
P3,25,all_synonyms,uncategorized,unknown_review,0.35,no clear active/legacy/test signal,review_before_migration,19,var/venvs/v12_10_17/lib/python3.13/site-packages/sqlalchemy/dialects/oracle/dictionary.py,[],unknown requires review
P3,25,all_tab_cols,uncategorized,unknown_review,0.35,no clear active/legacy/test signal,review_before_migration,6,var/venvs/v12_10_17/lib/python3.13/site-packages/sqlalchemy/dialects/oracle/dictionary.py,[],unknown requires review
P3,25,all_tab_comments,uncategorized,unknown_review,0.35,no clear active/legacy/test signal,review_before_migration,10,var/venvs/v12_10_17/lib/python3.13/site-packages/sqlalchemy/dialects/oracle/dictionary.py,[],unknown requires review
P3,25,all_tables,uncategorized,unknown_review,0.35,no clear active/legacy/test signal,review_before_migration,66,var/venvs/v12_10_17/lib/python3.13/site-packages/sqlalchemy/dialects/oracle/dictionary.py,[],unknown requires review
P3,25,all_views,uncategorized,unknown_review,0.35,no clear active/legacy/test signal,review_before_migration,9,var/venvs/v12_10_17/lib/python3.13/site-packages/sqlalchemy/dialects/oracle/dictionary.py,[],unknown requires review
P3,25,bar,uncategorized,unknown_review,0.35,no clear active/legacy/test signal,review_before_migration,2785,var/venvs/v12_10_17/lib/python3.13/site-packages/alembic/autogenerate/api.py,[],unknown requires review
P3,25,columns,uncategorized,unknown_review,0.35,no clear active/legacy/test signal,review_before_migration,2594,var/venvs/v12_10_17/lib/python3.13/site-packages/sqlalchemy/dialects/mssql/information_schema.py,[],unknown requires review
P3,25,company,uncategorized,unknown_review,0.35,no clear active/legacy/test signal,review_before_migration,31,var/venvs/v12_10_17/lib/python3.13/site-packages/sqlalchemy/ext/declarative/extensions.py,[],unknown requires review
P3,25,computed_columns,uncategorized,unknown_review,0.35,no clear active/legacy/test signal,review_before_migration,26,var/venvs/v12_10_17/lib/python3.13/site-packages/sqlalchemy/dialects/mssql/information_schema.py,[],unknown requires review
P3,25,default_constraints,uncategorized,unknown_review,0.35,no clear active/legacy/test signal,review_before_migration,13,var/venvs/v12_10_17/lib/python3.13/site-packages/sqlalchemy/dialects/mssql/information_schema.py,[],unknown requires review
P3,25,extended_properties,uncategorized,unknown_review,0.35,no clear active/legacy/test signal,review_before_migration,25,var/venvs/v12_10_17/lib/python3.13/site-packages/sqlalchemy/dialects/mssql/information_schema.py,[],unknown requires review
P3,25,fktable,uncategorized,unknown_review,0.35,no clear active/legacy/test signal,review_before_migration,2,var/venvs/v12_10_17/lib/python3.13/site-packages/sqlalchemy/dialects/postgresql/base.py,[],unknown requires review
P3,25,index,uncategorized,unknown_review,0.35,no clear active/legacy/test signal,review_before_migration,7124,var/venvs/v12_10_17/lib/python3.13/site-packages/pip/_vendor/rich/palette.py,[],unknown requires review
P3,25,interval,uncategorized,unknown_review,0.35,no clear active/legacy/test signal,review_before_migration,614,var/venvs/v12_10_17/lib/python3.13/site-packages/sqlalchemy/ext/hybrid.py,[],unknown requires review
P3,25,myothertable,uncategorized,unknown_review,0.35,no clear active/legacy/test signal,review_before_migration,1,var/venvs/v12_10_17/lib/python3.13/site-packages/sqlalchemy/ext/declarative/extensions.py,[],unknown requires review
P3,25,orders,uncategorized,unknown_review,0.35,no clear active/legacy/test signal,review_before_migration,73,var/venvs/v12_10_17/lib/python3.13/site-packages/sqlalchemy/sql/selectable.py,[],unknown requires review
P3,25,part,uncategorized,unknown_review,0.35,no clear active/legacy/test signal,review_before_migration,6038,var/venvs/v12_10_17/lib/python3.13/site-packages/sqlalchemy/orm/query.py,[],unknown requires review
P3,25,parts,uncategorized,unknown_review,0.35,no clear active/legacy/test signal,review_before_migration,1514,var/venvs/v12_10_17/lib/python3.13/site-packages/sqlalchemy/sql/selectable.py,[],unknown requires review
P3,25,referring,uncategorized,unknown_review,0.35,no clear active/legacy/test signal,review_before_migration,58,var/venvs/v12_10_17/lib/python3.13/site-packages/sqlalchemy/dialects/postgresql/base.py,[],unknown requires review
P3,25,someothertable,uncategorized,unknown_review,0.35,no clear active/legacy/test signal,review_before_migration,1,var/venvs/v12_10_17/lib/python3.13/site-packages/sqlalchemy/sql/util.py,[],unknown requires review
P3,25,sometable_one,uncategorized,unknown_review,0.35,no clear active/legacy/test signal,review_before_migration,1,var/venvs/v12_10_17/lib/python3.13/site-packages/sqlalchemy/dialects/postgresql/named_types.py,[],unknown requires review
P3,25,sometable_two,uncategorized,unknown_review,0.35,no clear active/legacy/test signal,review_before_migration,1,var/venvs/v12_10_17/lib/python3.13/site-packages/sqlalchemy/dialects/postgresql/named_types.py,[],unknown requires review
P3,25,table_b,uncategorized,unknown_review,0.35,no clear active/legacy/test signal,review_before_migration,21,var/venvs/v12_10_17/lib/python3.13/site-packages/sqlalchemy/ext/automap.py,[],unknown requires review
P3,25,types,uncategorized,unknown_review,0.35,no clear active/legacy/test signal,review_before_migration,5892,var/venvs/v12_10_17/lib/python3.13/site-packages/sqlalchemy/dialects/mssql/information_schema.py,[],unknown requires review
P3,25,unit_price,uncategorized,unknown_review,0.35,no clear active/legacy/test signal,review_before_migration,10,var/venvs/v12_10_17/lib/python3.13/site-packages/sqlalchemy/orm/_orm_constructors.py,[],unknown requires review
P3,25,venue,uncategorized,unknown_review,0.35,no clear active/legacy/test signal,review_before_migration,29,var/venvs/v12_10_17/lib/python3.13/site-packages/sqlalchemy/sql/functions.py,[],unknown requires review
P3,25,vertices,uncategorized,unknown_review,0.35,no clear active/legacy/test signal,review_before_migration,27,var/venvs/v12_10_17/lib/python3.13/site-packages/sqlalchemy/ext/mutable.py,[],unknown requires review
P3,25,visitors,uncategorized,unknown_review,0.35,no clear active/legacy/test signal,review_before_migration,251,var/venvs/v12_10_17/lib/python3.13/site-packages/sqlalchemy/sql/selectable.py,[],unknown requires review
P3,25,yetanothertable,uncategorized,unknown_review,0.35,no clear active/legacy/test signal,review_before_migration,1,var/venvs/v12_10_17/lib/python3.13/site-packages/sqlalchemy/ext/declarative/extensions.py,[],unknown requires review
P3,15,user,identity,test_or_fixture,0.9,"path/name contains test, fixture, mock, demo, or sample hint",exclude_from_schema; confirm test-only,10417,var/venvs/v12_10_17/lib/python3.13/site-packages/alembic/testing/suite/_autogen_fixtures.py;var/venvs/v12_10_17/lib/python3.13/site-packages/alembic/testing/suite/test_autogen_computed.py;var/venvs/v12_10_17/lib/python3.13/site-packages/alembic/testing/suite/test_autogen_fks.py;var/venvs/v12_10_17/lib/python3.13/site-packages/alembic/testing/suite/test_autogen_identity.py;var/venvs/v12_10_17/lib/python3.13/site-packages/sqlalchemy/engine/reflection.py;var/venvs/v12_10_17/lib/python3.13/site-packages/sqlalchemy/ext/automap.py;var/venvs/v12_10_17/lib/python3.13/site-packages/sqlalchemy/ext/hybrid.py;var/venvs/v12_10_17/lib/python3.13/site-packages/sqlalchemy/orm/base.py;var/venvs/v12_10_17/lib/python3.13/site-packages/sqlalchemy/sql/schema.py;var/venvs/v12_10_17/lib/python3.13/site-packages/sqlalchemy/testing/suite/test_reflection.py,"[{""migration_table"": ""user_memberships"", ""reason"": ""normalized substring/pluralization similarity"", ""strength"": ""medium""}]",test/fixture likely excluded;core domain: identity;declared/referenced in multiple files;possible indirect/rename coverage
P3,15,some_table,timeline,test_or_fixture,0.9,"path/name contains test, fixture, mock, demo, or sample hint",exclude_from_schema; confirm test-only,425,var/venvs/v12_10_17/lib/python3.13/site-packages/alembic/testing/suite/test_autogen_comments.py;var/venvs/v12_10_17/lib/python3.13/site-packages/alembic/testing/suite/test_autogen_fks.py;var/venvs/v12_10_17/lib/python3.13/site-packages/sqlalchemy/dialects/mssql/base.py;var/venvs/v12_10_17/lib/python3.13/site-packages/sqlalchemy/dialects/oracle/base.py;var/venvs/v12_10_17/lib/python3.13/site-packages/sqlalchemy/dialects/postgresql/base.py;var/venvs/v12_10_17/lib/python3.13/site-packages/sqlalchemy/dialects/postgresql/ext.py;var/venvs/v12_10_17/lib/python3.13/site-packages/sqlalchemy/dialects/sqlite/base.py;var/venvs/v12_10_17/lib/python3.13/site-packages/sqlalchemy/orm/decl_api.py;var/venvs/v12_10_17/lib/python3.13/site-packages/sqlalchemy/sql/events.py;var/venvs/v12_10_17/lib/python3.13/site-packages/sqlalchemy/sql/schema.py;var/venvs/v12_10_17/lib/python3.13/site-packages/sqlalchemy/sql/type_api.py;var/venvs/v12_10_17/lib/python3.13/site-packages/sqlalchemy/testing/suite/test_cte.py;var/venvs/v12_10_17/lib/python3.13/site-packages/sqlalchemy/testing/suite/test_deprecations.py;var/venvs/v12_10_17/lib/python3.13/site-packages/sqlalchemy/testing/suite/test_dialect.py;var/venvs/v12_10_17/lib/python3.13/site-packages/sqlalchemy/testing/suite/test_reflection.py;var/venvs/v12_10_17/lib/python3.13/site-packages/sqlalchemy/testing/suite/test_select.py,[],test/fixture likely excluded;operational domain: timeline;declared/referenced in multiple files
EXCLUDE_OR_REVIEW,0,a,auth,test_or_fixture,0.9,"path/name contains test, fixture, mock, demo, or sample hint",exclude_from_schema; confirm test-only,2356203,var/venvs/v12_10_17/lib/python3.13/site-packages/alembic/testing/suite/test_autogen_diffs.py;var/venvs/v12_10_17/lib/python3.13/site-packages/sqlalchemy/ext/asyncio/session.py;var/venvs/v12_10_17/lib/python3.13/site-packages/sqlalchemy/testing/suite/test_select.py,"[{""migration_table"": ""rate_limit_attempts"", ""reason"": ""normalized substring/pluralization similarity"", ""strength"": ""medium""}, {""migration_table"": ""usage_events"", ""reason"": ""normalized substring/pluralization similarity"", ""strength"": ""medium""}, {""migration_table"": ""scan_jobs"", ""reason"": ""normalized substring/pluralization similarity"", ""strength"": ""medium""}, {""migration_table"": ""usage_counters"", ""reason"": ""normalized substring/pluralization similarity"", ""strength"": ""medium""}, {""migration_table"": ""targets"", ""reason"": ""normalized substring/pluralization similarity"", ""strength"": ""medium""}, {""migration_table"": ""review_decision_audit"", ""reason"": ""normalized substring/pluralization similarity"", ""strength"": ""medium""}, {""migration_table"": ""quota_overrides"", ""reason"": ""normalized substring/pluralization similarity"", ""strength"": ""medium""}, {""migration_table"": ""team_memberships"", ""reason"": ""normalized substring/pluralization similarity"", ""strength"": ""medium""}, {""migration_table"": ""analyst_decisions"", ""reason"": ""normalized substring/pluralization similarity"", ""strength"": ""medium""}, {""migration_table"": ""membership_plans"", ""reason"": ""normalized substring/pluralization similarity"", ""strength"": ""medium""}]",test/fixture likely excluded;declared/referenced in multiple files
EXCLUDE_OR_REVIEW,0,a_things_with_stuff,uncategorized,test_or_fixture,0.9,"path/name contains test, fixture, mock, demo, or sample hint",exclude_from_schema; confirm test-only,10,var/venvs/v12_10_17/lib/python3.13/site-packages/sqlalchemy/testing/suite/test_ddl.py,[],test/fixture likely excluded;declared/referenced in multiple files
EXCLUDE_OR_REVIEW,0,data_table,uncategorized,test_or_fixture,0.9,"path/name contains test, fixture, mock, demo, or sample hint",exclude_from_schema; confirm test-only,139,var/venvs/v12_10_17/lib/python3.13/site-packages/sqlalchemy/dialects/postgresql/hstore.py;var/venvs/v12_10_17/lib/python3.13/site-packages/sqlalchemy/dialects/postgresql/json.py;var/venvs/v12_10_17/lib/python3.13/site-packages/sqlalchemy/sql/sqltypes.py;var/venvs/v12_10_17/lib/python3.13/site-packages/sqlalchemy/testing/suite/test_types.py,[],test/fixture likely excluded;declared/referenced in multiple files
EXCLUDE_OR_REVIEW,0,foo,uncategorized,test_or_fixture,0.9,"path/name contains test, fixture, mock, demo, or sample hint",exclude_from_schema; confirm test-only,1794,var/venvs/v12_10_17/lib/python3.13/site-packages/alembic/autogenerate/api.py;var/venvs/v12_10_17/lib/python3.13/site-packages/pip/_vendor/rich/live.py;var/venvs/v12_10_17/lib/python3.13/site-packages/pip/_vendor/rich/progress.py;var/venvs/v12_10_17/lib/python3.13/site-packages/sqlalchemy/dialects/postgresql/base.py;var/venvs/v12_10_17/lib/python3.13/site-packages/sqlalchemy/ext/compiler.py;var/venvs/v12_10_17/lib/python3.13/site-packages/sqlalchemy/sql/schema.py;var/venvs/v12_10_17/lib/python3.13/site-packages/sqlalchemy/sql/type_api.py;var/venvs/v12_10_17/lib/python3.13/site-packages/sqlalchemy/testing/suite/test_types.py,[],test/fixture likely excluded;declared/referenced in multiple files
EXCLUDE_OR_REVIEW,0,mytable,uncategorized,test_or_fixture,0.9,"path/name contains test, fixture, mock, demo, or sample hint",exclude_from_schema; confirm test-only,127,var/venvs/v12_10_17/lib/python3.13/site-packages/sqlalchemy/dialects/mssql/base.py;var/venvs/v12_10_17/lib/python3.13/site-packages/sqlalchemy/dialects/mysql/base.py;var/venvs/v12_10_17/lib/python3.13/site-packages/sqlalchemy/dialects/oracle/base.py;var/venvs/v12_10_17/lib/python3.13/site-packages/sqlalchemy/dialects/postgresql/array.py;var/venvs/v12_10_17/lib/python3.13/site-packages/sqlalchemy/dialects/postgresql/base.py;var/venvs/v12_10_17/lib/python3.13/site-packages/sqlalchemy/ext/declarative/extensions.py;var/venvs/v12_10_17/lib/python3.13/site-packages/sqlalchemy/ext/mutable.py;var/venvs/v12_10_17/lib/python3.13/site-packages/sqlalchemy/sql/ddl.py;var/venvs/v12_10_17/lib/python3.13/site-packages/sqlalchemy/sql/schema.py;var/venvs/v12_10_17/lib/python3.13/site-packages/sqlalchemy/sql/sqltypes.py;var/venvs/v12_10_17/lib/python3.13/site-packages/sqlalchemy/testing/suite/test_dialect.py,[],test/fixture likely excluded;declared/referenced in multiple files
EXCLUDE_OR_REVIEW,0,t,uncategorized,test_or_fixture,0.9,"path/name contains test, fixture, mock, demo, or sample hint",exclude_from_schema; confirm test-only,2381055,var/venvs/v12_10_17/lib/python3.13/site-packages/alembic/testing/suite/test_autogen_fks.py;var/venvs/v12_10_17/lib/python3.13/site-packages/sqlalchemy/dialects/mssql/base.py;var/venvs/v12_10_17/lib/python3.13/site-packages/sqlalchemy/dialects/oracle/base.py;var/venvs/v12_10_17/lib/python3.13/site-packages/sqlalchemy/dialects/postgresql/base.py;var/venvs/v12_10_17/lib/python3.13/site-packages/sqlalchemy/sql/elements.py;var/venvs/v12_10_17/lib/python3.13/site-packages/sqlalchemy/sql/sqltypes.py;var/venvs/v12_10_17/lib/python3.13/site-packages/sqlalchemy/testing/suite/test_dialect.py;var/venvs/v12_10_17/lib/python3.13/site-packages/sqlalchemy/testing/suite/test_reflection.py;var/venvs/v12_10_17/lib/python3.13/site-packages/sqlalchemy/testing/suite/test_types.py,"[{""migration_table"": ""rate_limit_attempts"", ""reason"": ""normalized substring/pluralization similarity"", ""strength"": ""medium""}, {""migration_table"": ""usage_events"", ""reason"": ""normalized substring/pluralization similarity"", ""strength"": ""medium""}, {""migration_table"": ""usage_counters"", ""reason"": ""normalized substring/pluralization similarity"", ""strength"": ""medium""}, {""migration_table"": ""targets"", ""reason"": ""normalized substring/pluralization similarity"", ""strength"": ""medium""}, {""migration_table"": ""review_decision_audit"", ""reason"": ""normalized substring/pluralization similarity"", ""strength"": ""medium""}, {""migration_table"": ""checkout_sessions"", ""reason"": ""normalized substring/pluralization similarity"", ""strength"": ""medium""}, {""migration_table"": ""dossier_exports"", ""reason"": ""normalized substring/pluralization similarity"", ""strength"": ""medium""}, {""migration_table"": ""quota_overrides"", ""reason"": ""normalized substring/pluralization similarity"", ""strength"": ""medium""}, {""migration_table"": ""team_memberships"", ""reason"": ""normalized substring/pluralization similarity"", ""strength"": ""medium""}, {""migration_table"": ""analyst_decisions"", ""reason"": ""normalized substring/pluralization similarity"", ""strength"": ""medium""}]",test/fixture likely excluded;declared/referenced in multiple files
EXCLUDE_OR_REVIEW,0,test_table,uncategorized,test_or_fixture,0.9,"path/name contains test, fixture, mock, demo, or sample hint",exclude_from_schema; confirm test-only,70,var/venvs/v12_10_17/lib/python3.13/site-packages/sqlalchemy/testing/suite/test_ddl.py;var/venvs/v12_10_17/lib/python3.13/site-packages/sqlalchemy/testing/suite/test_reflection.py;var/venvs/v12_10_17/lib/python3.13/site-packages/sqlalchemy/testing/suite/test_results.py,[],test/fixture likely excluded;declared/referenced in multiple files
EXCLUDE_OR_REVIEW,-2,ref,uncategorized,test_or_fixture,0.9,"path/name contains test, fixture, mock, demo, or sample hint",exclude_from_schema; confirm test-only,16898,var/venvs/v12_10_17/lib/python3.13/site-packages/alembic/testing/suite/test_autogen_fks.py,[],test/fixture likely excluded;declared/referenced in multiple files
EXCLUDE_OR_REVIEW,-2,test,uncategorized,test_or_fixture,0.9,"path/name contains test, fixture, mock, demo, or sample hint",exclude_from_schema; confirm test-only,15888,var/venvs/v12_10_17/lib/python3.13/site-packages/sqlalchemy/dialects/mssql/base.py;var/venvs/v12_10_17/lib/python3.13/site-packages/sqlalchemy/testing/fixtures/base.py,[],test/fixture likely excluded;declared/referenced in multiple files
EXCLUDE_OR_REVIEW,-2,testtbl,uncategorized,test_or_fixture,0.9,"path/name contains test, fixture, mock, demo, or sample hint",exclude_from_schema; confirm test-only,7,var/venvs/v12_10_17/lib/python3.13/site-packages/sqlalchemy/dialects/postgresql/base.py;var/venvs/v12_10_17/lib/python3.13/site-packages/sqlalchemy/dialects/sqlite/base.py;var/venvs/v12_10_17/lib/python3.13/site-packages/sqlalchemy/testing/suite/test_reflection.py,[],test/fixture likely excluded;declared/referenced in multiple files
EXCLUDE_OR_REVIEW,-4,\u6e2c\u8a66,uncategorized,test_or_fixture,0.9,"path/name contains test, fixture, mock, demo, or sample hint",exclude_from_schema; confirm test-only,37,var/venvs/v12_10_17/lib/python3.13/site-packages/sqlalchemy/testing/suite/test_unicode_ddl.py,[],test/fixture likely excluded;declared/referenced in multiple files
EXCLUDE_OR_REVIEW,-4,address,uncategorized,test_or_fixture,0.9,"path/name contains test, fixture, mock, demo, or sample hint",exclude_from_schema; confirm test-only,2578,var/venvs/v12_10_17/lib/python3.13/site-packages/alembic/testing/suite/_autogen_fixtures.py;var/venvs/v12_10_17/lib/python3.13/site-packages/sqlalchemy/ext/automap.py,[],test/fixture likely excluded;declared/referenced in multiple files
EXCLUDE_OR_REVIEW,-4,autoinc_pk,uncategorized,test_or_fixture,0.9,"path/name contains test, fixture, mock, demo, or sample hint",exclude_from_schema; confirm test-only,28,var/venvs/v12_10_17/lib/python3.13/site-packages/sqlalchemy/testing/suite/test_insert.py,[],test/fixture likely excluded;declared/referenced in multiple files
EXCLUDE_OR_REVIEW,-4,empty,uncategorized,test_or_fixture,0.9,"path/name contains test, fixture, mock, demo, or sample hint",exclude_from_schema; confirm test-only,1983,var/venvs/v12_10_17/lib/python3.13/site-packages/sqlalchemy/testing/suite/test_reflection.py,[],test/fixture likely excluded;declared/referenced in multiple files
EXCLUDE_OR_REVIEW,-4,manual_pk,uncategorized,test_or_fixture,0.9,"path/name contains test, fixture, mock, demo, or sample hint",exclude_from_schema; confirm test-only,8,var/venvs/v12_10_17/lib/python3.13/site-packages/sqlalchemy/testing/suite/test_dialect.py;var/venvs/v12_10_17/lib/python3.13/site-packages/sqlalchemy/testing/suite/test_insert.py,[],test/fixture likely excluded;declared/referenced in multiple files
EXCLUDE_OR_REVIEW,-4,other,uncategorized,test_or_fixture,0.9,"path/name contains test, fixture, mock, demo, or sample hint",exclude_from_schema; confirm test-only,7098,var/venvs/v12_10_17/lib/python3.13/site-packages/sqlalchemy/testing/suite/test_reflection.py,[],test/fixture likely excluded;declared/referenced in multiple files
EXCLUDE_OR_REVIEW,-4,sa_cc,uncategorized,test_or_fixture,0.9,"path/name contains test, fixture, mock, demo, or sample hint",exclude_from_schema; confirm test-only,9,var/venvs/v12_10_17/lib/python3.13/site-packages/sqlalchemy/testing/suite/test_reflection.py,[],test/fixture likely excluded;declared/referenced in multiple files
EXCLUDE_OR_REVIEW,-4,t1,uncategorized,test_or_fixture,0.9,"path/name contains test, fixture, mock, demo, or sample hint",exclude_from_schema; confirm test-only,732,var/venvs/v12_10_17/lib/python3.13/site-packages/sqlalchemy/dialects/oracle/base.py;var/venvs/v12_10_17/lib/python3.13/site-packages/sqlalchemy/testing/suite/test_reflection.py,[],test/fixture likely excluded;declared/referenced in multiple files
EXCLUDE_OR_REVIEW,-4,x,uncategorized,test_or_fixture,0.9,"path/name contains test, fixture, mock, demo, or sample hint",exclude_from_schema; confirm test-only,236722,var/venvs/v12_10_17/lib/python3.13/site-packages/alembic/testing/fixtures.py;var/venvs/v12_10_17/lib/python3.13/site-packages/sqlalchemy/testing/suite/test_reflection.py;var/venvs/v12_10_17/lib/python3.13/site-packages/sqlalchemy/testing/suite/test_sequence.py,"[{""migration_table"": ""dossier_exports"", ""reason"": ""normalized substring/pluralization similarity"", ""strength"": ""medium""}]",test/fixture likely excluded;declared/referenced in multiple files
EXCLUDE_OR_REVIEW,-6,b,auth,test_or_fixture,0.9,"path/name contains test, fixture, mock, demo, or sample hint",exclude_from_schema; confirm test-only,495661,var/venvs/v12_10_17/lib/python3.13/site-packages/sqlalchemy/ext/asyncio/session.py;var/venvs/v12_10_17/lib/python3.13/site-packages/sqlalchemy/testing/suite/test_select.py,"[{""migration_table"": ""scan_jobs"", ""reason"": ""normalized substring/pluralization similarity"", ""strength"": ""medium""}, {""migration_table"": ""user_memberships"", ""reason"": ""normalized substring/pluralization similarity"", ""strength"": ""medium""}, {""migration_table"": ""team_memberships"", ""reason"": ""normalized substring/pluralization similarity"", ""strength"": ""medium""}, {""migration_table"": ""responsible_use_scope"", ""reason"": ""normalized substring/pluralization similarity"", ""strength"": ""medium""}, {""migration_table"": ""membership_plans"", ""reason"": ""normalized substring/pluralization similarity"", ""strength"": ""medium""}, {""migration_table"": ""billing_customer_links"", ""reason"": ""normalized substring/pluralization similarity"", ""strength"": ""medium""}, {""migration_table"": ""billing_events"", ""reason"": ""normalized substring/pluralization similarity"", ""strength"": ""medium""}]",test/fixture likely excluded;declared/referenced in multiple files
EXCLUDE_OR_REVIEW,-6,computed_column_table,uncategorized,test_or_fixture,0.9,"path/name contains test, fixture, mock, demo, or sample hint",exclude_from_schema; confirm test-only,4,var/venvs/v12_10_17/lib/python3.13/site-packages/sqlalchemy/testing/fixtures/sql.py,[],test/fixture likely excluded;declared/referenced in multiple files
EXCLUDE_OR_REVIEW,-6,employees,uncategorized,test_or_fixture,0.9,"path/name contains test, fixture, mock, demo, or sample hint",exclude_from_schema; confirm test-only,49,var/venvs/v12_10_17/lib/python3.13/site-packages/sqlalchemy/testing/suite/test_rowcount.py,[],test/fixture likely excluded;declared/referenced in multiple files
EXCLUDE_OR_REVIEW,-6,no_constraints,uncategorized,test_or_fixture,0.9,"path/name contains test, fixture, mock, demo, or sample hint",exclude_from_schema; confirm test-only,19,var/venvs/v12_10_17/lib/python3.13/site-packages/sqlalchemy/testing/suite/test_reflection.py,[],test/fixture likely excluded;declared/referenced in multiple files
EXCLUDE_OR_REVIEW,-6,order,uncategorized,test_or_fixture,0.9,"path/name contains test, fixture, mock, demo, or sample hint",exclude_from_schema; confirm test-only,3954,var/venvs/v12_10_17/lib/python3.13/site-packages/alembic/testing/suite/_autogen_fixtures.py,[],test/fixture likely excluded;declared/referenced in multiple files
EXCLUDE_OR_REVIEW,-6,plain_pk,uncategorized,test_or_fixture,0.9,"path/name contains test, fixture, mock, demo, or sample hint",exclude_from_schema; confirm test-only,21,var/venvs/v12_10_17/lib/python3.13/site-packages/sqlalchemy/testing/suite/test_results.py;var/venvs/v12_10_17/lib/python3.13/site-packages/sqlalchemy/testing/suite/test_update_delete.py,[],test/fixture likely excluded;declared/referenced in multiple files
EXCLUDE_OR_REVIEW,-6,quote ,uncategorized,test_or_fixture,0.9,"path/name contains test, fixture, mock, demo, or sample hint",exclude_from_schema; confirm test-only,153,var/venvs/v12_10_17/lib/python3.13/site-packages/sqlalchemy/testing/suite/test_reflection.py,[],test/fixture likely excluded;declared/referenced in multiple files
EXCLUDE_OR_REVIEW,-6,ref_a,uncategorized,test_or_fixture,0.9,"path/name contains test, fixture, mock, demo, or sample hint",exclude_from_schema; confirm test-only,13,var/venvs/v12_10_17/lib/python3.13/site-packages/alembic/testing/suite/test_autogen_fks.py,[],test/fixture likely excluded;declared/referenced in multiple files
EXCLUDE_OR_REVIEW,-6,ref_b,uncategorized,test_or_fixture,0.9,"path/name contains test, fixture, mock, demo, or sample hint",exclude_from_schema; confirm test-only,3,var/venvs/v12_10_17/lib/python3.13/site-packages/alembic/testing/suite/test_autogen_fks.py,[],test/fixture likely excluded;declared/referenced in multiple files
EXCLUDE_OR_REVIEW,-6,remote_table,uncategorized,test_or_fixture,0.9,"path/name contains test, fixture, mock, demo, or sample hint",exclude_from_schema; confirm test-only,51,var/venvs/v12_10_17/lib/python3.13/site-packages/sqlalchemy/sql/schema.py;var/venvs/v12_10_17/lib/python3.13/site-packages/sqlalchemy/testing/suite/test_reflection.py,[],test/fixture likely excluded;declared/referenced in multiple files
EXCLUDE_OR_REVIEW,-6,seq_no_returning_sch,uncategorized,test_or_fixture,0.9,"path/name contains test, fixture, mock, demo, or sample hint",exclude_from_schema; confirm test-only,2,var/venvs/v12_10_17/lib/python3.13/site-packages/sqlalchemy/testing/suite/test_sequence.py,[],test/fixture likely excluded;declared/referenced in multiple files
EXCLUDE_OR_REVIEW,-6,square,uncategorized,test_or_fixture,0.9,"path/name contains test, fixture, mock, demo, or sample hint",exclude_from_schema; confirm test-only,139,var/venvs/v12_10_17/lib/python3.13/site-packages/sqlalchemy/sql/schema.py;var/venvs/v12_10_17/lib/python3.13/site-packages/sqlalchemy/testing/suite/test_select.py,[],test/fixture likely excluded;declared/referenced in multiple files
EXCLUDE_OR_REVIEW,-6,unicode_comments,uncategorized,test_or_fixture,0.9,"path/name contains test, fixture, mock, demo, or sample hint",exclude_from_schema; confirm test-only,6,var/venvs/v12_10_17/lib/python3.13/site-packages/sqlalchemy/testing/suite/test_reflection.py,[],test/fixture likely excluded;declared/referenced in multiple files
EXCLUDE_OR_REVIEW,-6,x1,uncategorized,test_or_fixture,0.9,"path/name contains test, fixture, mock, demo, or sample hint",exclude_from_schema; confirm test-only,12218,var/venvs/v12_10_17/lib/python3.13/site-packages/alembic/testing/suite/_autogen_fixtures.py,[],test/fixture likely excluded;declared/referenced in multiple files
EXCLUDE_OR_REVIEW,-6,x2,uncategorized,test_or_fixture,0.9,"path/name contains test, fixture, mock, demo, or sample hint",exclude_from_schema; confirm test-only,4018,var/venvs/v12_10_17/lib/python3.13/site-packages/alembic/testing/suite/_autogen_fixtures.py,[],test/fixture likely excluded;declared/referenced in multiple files
EXCLUDE_OR_REVIEW,-6,x3,uncategorized,test_or_fixture,0.9,"path/name contains test, fixture, mock, demo, or sample hint",exclude_from_schema; confirm test-only,2192,var/venvs/v12_10_17/lib/python3.13/site-packages/alembic/testing/suite/_autogen_fixtures.py,[],test/fixture likely excluded;declared/referenced in multiple files
EXCLUDE_OR_REVIEW,-6,x4,uncategorized,test_or_fixture,0.9,"path/name contains test, fixture, mock, demo, or sample hint",exclude_from_schema; confirm test-only,733,var/venvs/v12_10_17/lib/python3.13/site-packages/alembic/testing/suite/_autogen_fixtures.py,[],test/fixture likely excluded;declared/referenced in multiple files
EXCLUDE_OR_REVIEW,-10,user_id_table,auth,test_or_fixture,0.9,"path/name contains test, fixture, mock, demo, or sample hint",exclude_from_schema; confirm test-only,2,var/venvs/v12_10_17/lib/python3.13/site-packages/sqlalchemy/testing/suite/test_sequence.py,"[{""migration_table"": ""users"", ""reason"": ""normalized substring/pluralization similarity"", ""strength"": ""medium""}]",test/fixture likely excluded
EXCLUDE_OR_REVIEW,-10,user_orders,auth,test_or_fixture,0.9,"path/name contains test, fixture, mock, demo, or sample hint",exclude_from_schema; confirm test-only,2,var/venvs/v12_10_17/lib/python3.13/site-packages/sqlalchemy/testing/suite/test_reflection.py,"[{""migration_table"": ""users"", ""reason"": ""normalized substring/pluralization similarity"", ""strength"": ""medium""}]",test/fixture likely excluded
EXCLUDE_OR_REVIEW,-10,users_ref,auth,test_or_fixture,0.9,"path/name contains test, fixture, mock, demo, or sample hint",exclude_from_schema; confirm test-only,3,var/venvs/v12_10_17/lib/python3.13/site-packages/sqlalchemy/testing/suite/test_reflection.py,"[{""migration_table"": ""users"", ""reason"": ""normalized substring/pluralization similarity"", ""strength"": ""medium""}]",test/fixture likely excluded
EXCLUDE_OR_REVIEW,-10,thing,system,test_or_fixture,0.9,"path/name contains test, fixture, mock, demo, or sample hint",exclude_from_schema; confirm test-only,1965,var/venvs/v12_10_17/lib/python3.13/site-packages/sqlalchemy/testing/config.py,[],test/fixture likely excluded
EXCLUDE_OR_REVIEW,-10,Unitéble2,uncategorized,test_or_fixture,0.9,"path/name contains test, fixture, mock, demo, or sample hint",exclude_from_schema; confirm test-only,9,var/venvs/v12_10_17/lib/python3.13/site-packages/sqlalchemy/testing/suite/test_unicode_ddl.py,[],test/fixture likely excluded
EXCLUDE_OR_REVIEW,-10,_test_table,uncategorized,test_or_fixture,0.9,"path/name contains test, fixture, mock, demo, or sample hint",exclude_from_schema; confirm test-only,3,var/venvs/v12_10_17/lib/python3.13/site-packages/sqlalchemy/testing/suite/test_ddl.py,[],test/fixture likely excluded
EXCLUDE_OR_REVIEW,-10,array_table,uncategorized,test_or_fixture,0.9,"path/name contains test, fixture, mock, demo, or sample hint",exclude_from_schema; confirm test-only,6,var/venvs/v12_10_17/lib/python3.13/site-packages/sqlalchemy/testing/suite/test_types.py,[],test/fixture likely excluded
EXCLUDE_OR_REVIEW,-10,b_related_things_of_value,uncategorized,test_or_fixture,0.9,"path/name contains test, fixture, mock, demo, or sample hint",exclude_from_schema; confirm test-only,2,var/venvs/v12_10_17/lib/python3.13/site-packages/sqlalchemy/testing/suite/test_ddl.py,[],test/fixture likely excluded
EXCLUDE_OR_REVIEW,-10,binary_table,uncategorized,test_or_fixture,0.9,"path/name contains test, fixture, mock, demo, or sample hint",exclude_from_schema; confirm test-only,9,var/venvs/v12_10_17/lib/python3.13/site-packages/sqlalchemy/testing/suite/test_types.py,[],test/fixture likely excluded
EXCLUDE_OR_REVIEW,-10,bitwise,uncategorized,test_or_fixture,0.9,"path/name contains test, fixture, mock, demo, or sample hint",exclude_from_schema; confirm test-only,164,var/venvs/v12_10_17/lib/python3.13/site-packages/sqlalchemy/testing/suite/test_select.py,[],test/fixture likely excluded
EXCLUDE_OR_REVIEW,-10,boolean_table,uncategorized,test_or_fixture,0.9,"path/name contains test, fixture, mock, demo, or sample hint",exclude_from_schema; confirm test-only,22,var/venvs/v12_10_17/lib/python3.13/site-packages/sqlalchemy/testing/suite/test_types.py,[],test/fixture likely excluded
EXCLUDE_OR_REVIEW,-10,comment_test,uncategorized,test_or_fixture,0.9,"path/name contains test, fixture, mock, demo, or sample hint",exclude_from_schema; confirm test-only,15,var/venvs/v12_10_17/lib/python3.13/site-packages/sqlalchemy/testing/suite/test_reflection.py,[],test/fixture likely excluded
EXCLUDE_OR_REVIEW,-10,computed_default_table,uncategorized,test_or_fixture,0.9,"path/name contains test, fixture, mock, demo, or sample hint",exclude_from_schema; confirm test-only,3,var/venvs/v12_10_17/lib/python3.13/site-packages/sqlalchemy/testing/fixtures/sql.py,[],test/fixture likely excluded
EXCLUDE_OR_REVIEW,-10,d_t,uncategorized,test_or_fixture,0.9,"path/name contains test, fixture, mock, demo, or sample hint",exclude_from_schema; confirm test-only,3417,var/venvs/v12_10_17/lib/python3.13/site-packages/sqlalchemy/testing/suite/test_insert.py,[],test/fixture likely excluded
EXCLUDE_OR_REVIEW,-10,date_table,uncategorized,test_or_fixture,0.9,"path/name contains test, fixture, mock, demo, or sample hint",exclude_from_schema; confirm test-only,27,var/venvs/v12_10_17/lib/python3.13/site-packages/sqlalchemy/testing/suite/test_types.py,[],test/fixture likely excluded
EXCLUDE_OR_REVIEW,-10,dingalings,uncategorized,test_or_fixture,0.9,"path/name contains test, fixture, mock, demo, or sample hint",exclude_from_schema; confirm test-only,33,var/venvs/v12_10_17/lib/python3.13/site-packages/sqlalchemy/testing/suite/test_reflection.py,[],test/fixture likely excluded
EXCLUDE_OR_REVIEW,-10,email_addresses,uncategorized,test_or_fixture,0.9,"path/name contains test, fixture, mock, demo, or sample hint",exclude_from_schema; confirm test-only,33,var/venvs/v12_10_17/lib/python3.13/site-packages/sqlalchemy/testing/suite/test_reflection.py,[],test/fixture likely excluded
EXCLUDE_OR_REVIEW,-10,empty_v,uncategorized,test_or_fixture,0.9,"path/name contains test, fixture, mock, demo, or sample hint",exclude_from_schema; confirm test-only,5,var/venvs/v12_10_17/lib/python3.13/site-packages/sqlalchemy/testing/suite/test_reflection.py,[],test/fixture likely excluded
EXCLUDE_OR_REVIEW,-10,enum_table,uncategorized,test_or_fixture,0.9,"path/name contains test, fixture, mock, demo, or sample hint",exclude_from_schema; confirm test-only,9,var/venvs/v12_10_17/lib/python3.13/site-packages/sqlalchemy/testing/suite/test_types.py,[],test/fixture likely excluded
EXCLUDE_OR_REVIEW,-10,extra,uncategorized,test_or_fixture,0.9,"path/name contains test, fixture, mock, demo, or sample hint",exclude_from_schema; confirm test-only,4035,var/venvs/v12_10_17/lib/python3.13/site-packages/alembic/testing/suite/_autogen_fixtures.py,[],test/fixture likely excluded
EXCLUDE_OR_REVIEW,-10,has_dates,uncategorized,test_or_fixture,0.9,"path/name contains test, fixture, mock, demo, or sample hint",exclude_from_schema; confirm test-only,3,var/venvs/v12_10_17/lib/python3.13/site-packages/sqlalchemy/testing/suite/test_results.py,[],test/fixture likely excluded
EXCLUDE_OR_REVIEW,-10,includes_defaults,uncategorized,test_or_fixture,0.9,"path/name contains test, fixture, mock, demo, or sample hint",exclude_from_schema; confirm test-only,2,var/venvs/v12_10_17/lib/python3.13/site-packages/sqlalchemy/testing/suite/test_insert.py,[],test/fixture likely excluded
EXCLUDE_OR_REVIEW,-10,integer_table,uncategorized,test_or_fixture,0.9,"path/name contains test, fixture, mock, demo, or sample hint",exclude_from_schema; confirm test-only,1,var/venvs/v12_10_17/lib/python3.13/site-packages/sqlalchemy/testing/suite/test_types.py,[],test/fixture likely excluded
EXCLUDE_OR_REVIEW,-10,interval_table,uncategorized,test_or_fixture,0.9,"path/name contains test, fixture, mock, demo, or sample hint",exclude_from_schema; confirm test-only,9,var/venvs/v12_10_17/lib/python3.13/site-packages/sqlalchemy/testing/suite/test_types.py,[],test/fixture likely excluded
EXCLUDE_OR_REVIEW,-10,is_distinct_test,uncategorized,test_or_fixture,0.9,"path/name contains test, fixture, mock, demo, or sample hint",exclude_from_schema; confirm test-only,2,var/venvs/v12_10_17/lib/python3.13/site-packages/sqlalchemy/testing/suite/test_select.py,[],test/fixture likely excluded
EXCLUDE_OR_REVIEW,-10,item,uncategorized,test_or_fixture,0.9,"path/name contains test, fixture, mock, demo, or sample hint",exclude_from_schema; confirm test-only,11184,var/venvs/v12_10_17/lib/python3.13/site-packages/alembic/testing/suite/_autogen_fixtures.py,[],test/fixture likely excluded
EXCLUDE_OR_REVIEW,-10,local_table,uncategorized,test_or_fixture,0.9,"path/name contains test, fixture, mock, demo, or sample hint",exclude_from_schema; confirm test-only,126,var/venvs/v12_10_17/lib/python3.13/site-packages/sqlalchemy/testing/suite/test_reflection.py,[],test/fixture likely excluded
EXCLUDE_OR_REVIEW,-10,new_table,uncategorized,test_or_fixture,0.9,"path/name contains test, fixture, mock, demo, or sample hint",exclude_from_schema; confirm test-only,45,var/venvs/v12_10_17/lib/python3.13/site-packages/sqlalchemy/testing/suite/test_reflection.py,[],test/fixture likely excluded
EXCLUDE_OR_REVIEW,-10,no_implicit_returning,uncategorized,test_or_fixture,0.9,"path/name contains test, fixture, mock, demo, or sample hint",exclude_from_schema; confirm test-only,3,var/venvs/v12_10_17/lib/python3.13/site-packages/sqlalchemy/testing/suite/test_insert.py,[],test/fixture likely excluded
EXCLUDE_OR_REVIEW,-10,noncol_idx_test_nopk,uncategorized,test_or_fixture,0.9,"path/name contains test, fixture, mock, demo, or sample hint",exclude_from_schema; confirm test-only,16,var/venvs/v12_10_17/lib/python3.13/site-packages/sqlalchemy/testing/suite/test_reflection.py,[],test/fixture likely excluded
EXCLUDE_OR_REVIEW,-10,noncol_idx_test_pk,uncategorized,test_or_fixture,0.9,"path/name contains test, fixture, mock, demo, or sample hint",exclude_from_schema; confirm test-only,16,var/venvs/v12_10_17/lib/python3.13/site-packages/sqlalchemy/testing/suite/test_reflection.py,[],test/fixture likely excluded
EXCLUDE_OR_REVIEW,-10,percent%table,uncategorized,test_or_fixture,0.9,"path/name contains test, fixture, mock, demo, or sample hint",exclude_from_schema; confirm test-only,2,var/venvs/v12_10_17/lib/python3.13/site-packages/sqlalchemy/testing/suite/test_results.py,[],test/fixture likely excluded
EXCLUDE_OR_REVIEW,-10,related,uncategorized,test_or_fixture,0.9,"path/name contains test, fixture, mock, demo, or sample hint",exclude_from_schema; confirm test-only,594,var/venvs/v12_10_17/lib/python3.13/site-packages/sqlalchemy/testing/suite/test_reflection.py,[],test/fixture likely excluded
EXCLUDE_OR_REVIEW,-10,remote_table_2,uncategorized,test_or_fixture,0.9,"path/name contains test, fixture, mock, demo, or sample hint",exclude_from_schema; confirm test-only,17,var/venvs/v12_10_17/lib/python3.13/site-packages/sqlalchemy/testing/suite/test_reflection.py,[],test/fixture likely excluded
EXCLUDE_OR_REVIEW,-10,sa_multi_index,uncategorized,test_or_fixture,0.9,"path/name contains test, fixture, mock, demo, or sample hint",exclude_from_schema; confirm test-only,3,var/venvs/v12_10_17/lib/python3.13/site-packages/sqlalchemy/testing/suite/test_reflection.py,[],test/fixture likely excluded
EXCLUDE_OR_REVIEW,-10,seq_no_returning,uncategorized,test_or_fixture,0.9,"path/name contains test, fixture, mock, demo, or sample hint",exclude_from_schema; confirm test-only,8,var/venvs/v12_10_17/lib/python3.13/site-packages/sqlalchemy/testing/suite/test_sequence.py,[],test/fixture likely excluded
EXCLUDE_OR_REVIEW,-10,seq_opt_pk,uncategorized,test_or_fixture,0.9,"path/name contains test, fixture, mock, demo, or sample hint",exclude_from_schema; confirm test-only,2,var/venvs/v12_10_17/lib/python3.13/site-packages/sqlalchemy/testing/suite/test_sequence.py,[],test/fixture likely excluded
EXCLUDE_OR_REVIEW,-10,seq_pk,uncategorized,test_or_fixture,0.9,"path/name contains test, fixture, mock, demo, or sample hint",exclude_from_schema; confirm test-only,5,var/venvs/v12_10_17/lib/python3.13/site-packages/sqlalchemy/testing/suite/test_sequence.py,[],test/fixture likely excluded
EXCLUDE_OR_REVIEW,-10,some_other_table,uncategorized,test_or_fixture,0.9,"path/name contains test, fixture, mock, demo, or sample hint",exclude_from_schema; confirm test-only,28,var/venvs/v12_10_17/lib/python3.13/site-packages/sqlalchemy/testing/suite/test_cte.py,[],test/fixture likely excluded
EXCLUDE_OR_REVIEW,-10,stuff,uncategorized,test_or_fixture,0.9,"path/name contains test, fixture, mock, demo, or sample hint",exclude_from_schema; confirm test-only,167,var/venvs/v12_10_17/lib/python3.13/site-packages/sqlalchemy/testing/suite/test_select.py,[],test/fixture likely excluded
EXCLUDE_OR_REVIEW,-10,t2,uncategorized,test_or_fixture,0.9,"path/name contains test, fixture, mock, demo, or sample hint",exclude_from_schema; confirm test-only,632,var/venvs/v12_10_17/lib/python3.13/site-packages/sqlalchemy/testing/suite/test_reflection.py,[],test/fixture likely excluded
EXCLUDE_OR_REVIEW,-10,table,uncategorized,test_or_fixture,0.9,"path/name contains test, fixture, mock, demo, or sample hint",exclude_from_schema; confirm test-only,17341,var/venvs/v12_10_17/lib/python3.13/site-packages/sqlalchemy/testing/suite/test_reflection.py,[],test/fixture likely excluded
EXCLUDE_OR_REVIEW,-10,tb1,uncategorized,test_or_fixture,0.9,"path/name contains test, fixture, mock, demo, or sample hint",exclude_from_schema; confirm test-only,30,var/venvs/v12_10_17/lib/python3.13/site-packages/sqlalchemy/testing/suite/test_reflection.py,[],test/fixture likely excluded
EXCLUDE_OR_REVIEW,-10,tb2,uncategorized,test_or_fixture,0.9,"path/name contains test, fixture, mock, demo, or sample hint",exclude_from_schema; confirm test-only,11,var/venvs/v12_10_17/lib/python3.13/site-packages/sqlalchemy/testing/suite/test_reflection.py,[],test/fixture likely excluded
EXCLUDE_OR_REVIEW,-10,tbl,uncategorized,test_or_fixture,0.9,"path/name contains test, fixture, mock, demo, or sample hint",exclude_from_schema; confirm test-only,187,var/venvs/v12_10_17/lib/python3.13/site-packages/sqlalchemy/testing/suite/test_select.py,[],test/fixture likely excluded
EXCLUDE_OR_REVIEW,-10,tbl_a,uncategorized,test_or_fixture,0.9,"path/name contains test, fixture, mock, demo, or sample hint",exclude_from_schema; confirm test-only,7,var/venvs/v12_10_17/lib/python3.13/site-packages/sqlalchemy/testing/suite/test_select.py,[],test/fixture likely excluded
EXCLUDE_OR_REVIEW,-10,tbl_b,uncategorized,test_or_fixture,0.9,"path/name contains test, fixture, mock, demo, or sample hint",exclude_from_schema; confirm test-only,5,var/venvs/v12_10_17/lib/python3.13/site-packages/sqlalchemy/testing/suite/test_select.py,[],test/fixture likely excluded
EXCLUDE_OR_REVIEW,-10,test_table_2,uncategorized,test_or_fixture,0.9,"path/name contains test, fixture, mock, demo, or sample hint",exclude_from_schema; confirm test-only,4,var/venvs/v12_10_17/lib/python3.13/site-packages/sqlalchemy/testing/suite/test_reflection.py,[],test/fixture likely excluded
EXCLUDE_OR_REVIEW,-10,test_table_s,uncategorized,test_or_fixture,0.9,"path/name contains test, fixture, mock, demo, or sample hint",exclude_from_schema; confirm test-only,4,var/venvs/v12_10_17/lib/python3.13/site-packages/sqlalchemy/testing/suite/test_reflection.py,[],test/fixture likely excluded
EXCLUDE_OR_REVIEW,-10,testtable,uncategorized,test_or_fixture,0.9,"path/name contains test, fixture, mock, demo, or sample hint",exclude_from_schema; confirm test-only,2,var/venvs/v12_10_17/lib/python3.13/site-packages/sqlalchemy/dialects/mysql/base.py,[],test/fixture likely excluded
EXCLUDE_OR_REVIEW,-10,text_table,uncategorized,test_or_fixture,0.9,"path/name contains test, fixture, mock, demo, or sample hint",exclude_from_schema; confirm test-only,13,var/venvs/v12_10_17/lib/python3.13/site-packages/sqlalchemy/testing/suite/test_types.py,[],test/fixture likely excluded
EXCLUDE_OR_REVIEW,-10,ts_test,uncategorized,test_or_fixture,0.9,"path/name contains test, fixture, mock, demo, or sample hint",exclude_from_schema; confirm test-only,7,var/venvs/v12_10_17/lib/python3.13/site-packages/sqlalchemy/dialects/mysql/base.py,[],test/fixture likely excluded
EXCLUDE_OR_REVIEW,-10,unicode_table,uncategorized,test_or_fixture,0.9,"path/name contains test, fixture, mock, demo, or sample hint",exclude_from_schema; confirm test-only,17,var/venvs/v12_10_17/lib/python3.13/site-packages/sqlalchemy/testing/suite/test_types.py,[],test/fixture likely excluded
EXCLUDE_OR_REVIEW,-10,unitable1,uncategorized,test_or_fixture,0.9,"path/name contains test, fixture, mock, demo, or sample hint",exclude_from_schema; confirm test-only,10,var/venvs/v12_10_17/lib/python3.13/site-packages/sqlalchemy/testing/suite/test_unicode_ddl.py,[],test/fixture likely excluded
EXCLUDE_OR_REVIEW,-10,unnamed_sqlite,uncategorized,test_or_fixture,0.9,"path/name contains test, fixture, mock, demo, or sample hint",exclude_from_schema; confirm test-only,1,var/venvs/v12_10_17/lib/python3.13/site-packages/alembic/testing/suite/_autogen_fixtures.py,[],test/fixture likely excluded
EXCLUDE_OR_REVIEW,-10,uuid_table,uncategorized,test_or_fixture,0.9,"path/name contains test, fixture, mock, demo, or sample hint",exclude_from_schema; confirm test-only,22,var/venvs/v12_10_17/lib/python3.13/site-packages/sqlalchemy/testing/suite/test_types.py,[],test/fixture likely excluded
EXCLUDE_OR_REVIEW,-10,x5,uncategorized,test_or_fixture,0.9,"path/name contains test, fixture, mock, demo, or sample hint",exclude_from_schema; confirm test-only,547,var/venvs/v12_10_17/lib/python3.13/site-packages/alembic/testing/suite/_autogen_fixtures.py,[],test/fixture likely excluded
EXCLUDE_OR_REVIEW,-10,x6,uncategorized,test_or_fixture,0.9,"path/name contains test, fixture, mock, demo, or sample hint",exclude_from_schema; confirm test-only,576,var/venvs/v12_10_17/lib/python3.13/site-packages/alembic/testing/suite/_autogen_fixtures.py,[],test/fixture likely excluded
EXCLUDE_OR_REVIEW,-10,測試,uncategorized,test_or_fixture,0.9,"path/name contains test, fixture, mock, demo, or sample hint",exclude_from_schema; confirm test-only,3,var/venvs/v12_10_17/lib/python3.13/site-packages/sqlalchemy/testing/suite/test_unicode_ddl.py,"[{""migration_table"": ""rate_limit_attempts"", ""reason"": ""normalized substring/pluralization similarity"", ""strength"": ""medium""}, {""migration_table"": ""usage_events"", ""reason"": ""normalized substring/pluralization similarity"", ""strength"": ""medium""}, {""migration_table"": ""scan_jobs"", ""reason"": ""normalized substring/pluralization similarity"", ""strength"": ""medium""}, {""migration_table"": ""usage_counters"", ""reason"": ""normalized substring/pluralization similarity"", ""strength"": ""medium""}, {""migration_table"": ""targets"", ""reason"": ""normalized substring/pluralization similarity"", ""strength"": ""medium""}, {""migration_table"": ""review_decision_audit"", ""reason"": ""normalized substring/pluralization similarity"", ""strength"": ""medium""}, {""migration_table"": ""user_memberships"", ""reason"": ""normalized substring/pluralization similarity"", ""strength"": ""medium""}, {""migration_table"": ""checkout_sessions"", ""reason"": ""normalized substring/pluralization similarity"", ""strength"": ""medium""}, {""migration_table"": ""dossier_exports"", ""reason"": ""normalized substring/pluralization similarity"", ""strength"": ""medium""}, {""migration_table"": ""quota_overrides"", ""reason"": ""normalized substring/pluralization similarity"", ""strength"": ""medium""}]",test/fixture likely excluded
